15日（今天）,多云转阴,34,20
16日（明天）,阴转中雨,31,19
17日（后天）,小雨转晴,26,17
18日（周四）,多云转阴,28,18
19日（周五）,阴转多云,30,20
20日（周六）,阴转多云,32,23
21日（周日）,小雨,30,21
15日（今天）,多云转阴,34,20
16日（明天）,阴转中雨,31,19
17日（后天）,小雨转晴,26,17
18日（周四）,多云转阴,28,18
19日（周五）,阴转多云,30,20
20日（周六）,阴转多云,32,23
21日（周日）,小雨,30,21
15日（今天）,多云转阴,34,20
16日（明天）,阴转中雨,31,19
17日（后天）,小雨转晴,26,17
18日（周四）,多云转阴,28,18
19日（周五）,阴转多云,30,20
20日（周六）,阴转多云,32,23
21日（周日）,小雨,30,21
15日（今天）,多云转阴,34,20
16日（明天）,阴转中雨,31,19
17日（后天）,小雨转晴,26,17
18日（周四）,多云转阴,28,18
19日（周五）,阴转多云,30,20
20日（周六）,阴转多云,32,23
21日（周日）,小雨,30,21
15日（今天）,多云转阴,34,20
16日（明天）,阴转中雨,31,19
17日（后天）,小雨转晴,26,17
18日（周四）,多云转阴,28,18
19日（周五）,阴转多云,30,20
20日（周六）,阴转多云,32,23
21日（周日）,小雨,30,21
15日（今天）,多云转阴,34,20
16日（明天）,阴转中雨,31,19
17日（后天）,小雨转晴,26,17
18日（周四）,多云转阴,28,18
19日（周五）,阴转多云,30,20
20日（周六）,阴转多云,32,23
21日（周日）,小雨,30,21
15日（今天）,多云转阴,34,20
16日（明天）,阴转中雨,31,19
17日（后天）,小雨转晴,26,17
18日（周四）,多云转阴,28,18
19日（周五）,阴转多云,30,20
20日（周六）,阴转多云,32,23
21日（周日）,小雨,30,21
15日（今天）,多云转阴,34,20
16日（明天）,阴转中雨,31,19
17日（后天）,小雨转晴,26,17
18日（周四）,多云转阴,28,18
19日（周五）,阴转多云,30,20
20日（周六）,阴转多云,32,23
21日（周日）,小雨,30,21
15日（今天）,多云转阴,34,20
16日（明天）,阴转中雨,31,19
17日（后天）,小雨转晴,26,17
18日（周四）,多云转阴,28,18
19日（周五）,阴转多云,30,20
20日（周六）,阴转多云,32,23
21日（周日）,小雨,30,21
15日（今天）,多云转阴,34,20
16日（明天）,阴转中雨,31,19
17日（后天）,小雨转晴,26,17
18日（周四）,多云转阴,28,18
19日（周五）,阴转多云,30,20
20日（周六）,阴转多云,32,23
21日（周日）,小雨,30,21
15日（今天）,多云转阴,34,20
16日（明天）,阴转中雨,31,19
17日（后天）,小雨转晴,26,17
18日（周四）,多云转阴,28,18
19日（周五）,阴转多云,30,20
20日（周六）,阴转多云,32,23
21日（周日）,小雨,30,21
15日（今天）,多云转阴,34,20
16日（明天）,阴转中雨,31,19
17日（后天）,小雨转晴,26,17
18日（周四）,多云转阴,28,18
19日（周五）,阴转多云,30,20
20日（周六）,阴转多云,32,23
21日（周日）,小雨,30,21
15日（今天）,多云转阴,34,20
16日（明天）,阴转中雨,31,19
17日（后天）,小雨转晴,26,17
18日（周四）,多云转阴,28,18
19日（周五）,阴转多云,30,20
20日（周六）,阴转多云,32,23
21日（周日）,小雨,30,21
15日（今天）,多云转阴,34,20
16日（明天）,阴转中雨,31,19
17日（后天）,小雨转晴,26,17
18日（周四）,多云转阴,28,18
19日（周五）,阴转多云,30,20
20日（周六）,阴转多云,32,23
21日（周日）,小雨,30,21
15日（今天）,多云转阴,34,20
16日（明天）,阴转中雨,31,19
17日（后天）,小雨转晴,26,17
18日（周四）,多云转阴,28,18
19日（周五）,阴转多云,30,20
20日（周六）,阴转多云,32,23
21日（周日）,小雨,30,21
15日（今天）,多云转阴,34,20
16日（明天）,阴转中雨,31,19
17日（后天）,小雨转晴,26,17
18日（周四）,多云转阴,28,18
19日（周五）,阴转多云,30,20
20日（周六）,阴转多云,32,23
21日（周日）,小雨,30,21
15日（今天）,多云转阴,34,20
16日（明天）,阴转中雨,31,19
17日（后天）,小雨转晴,26,17
18日（周四）,多云转阴,28,18
19日（周五）,阴转多云,30,20
20日（周六）,阴转多云,32,23
21日（周日）,小雨,30,21
15日（今天）,多云转阴,34,20
16日（明天）,阴转中雨,31,19
17日（后天）,小雨转晴,26,17
18日（周四）,多云转阴,28,18
19日（周五）,阴转多云,30,20
20日（周六）,阴转多云,32,23
21日（周日）,小雨,30,21
15日（今天）,多云转阴,34,20
16日（明天）,阴转中雨,31,19
17日（后天）,小雨转晴,26,17
18日（周四）,多云转阴,28,18
19日（周五）,阴转多云,30,20
20日（周六）,阴转多云,32,23
21日（周日）,小雨,30,21
16日（今天）,阴转小雨,31,19
17日（明天）,小雨,25,17
18日（后天）,阴,28,18
19日（周五）,阴转多云,29,19
20日（周六）,晴,31,20
21日（周日）,阴转小雨,32,19
22日（周一）,多云,26,15
16日（今天）,小雨,,19
17日（明天）,小雨转晴,26,18
18日（后天）,多云,30,16
19日（周五）,阴,29,19
20日（周六）,多云转晴,32,19
21日（周日）,多云,33,19
22日（周一）,阴转小雨,29,18
17日（今天）,小雨转多云,25,18
18日（明天）,阴转多云,29,16
19日（后天）,晴转多云,29,19
20日（周六）,阴,31,20
21日（周日）,阴转小雨,32,19
22日（周一）,多云,27,16
23日（周二）,多云转阴,27,19
